rs_type,rs_ref,rs_text,citation_tree,citable_unit_cite_type,citable_unit_id,document_uri
person,gnd-118538969,Geßner,logical_structure,paragraph,s03-ed-ch-1:s03-ed-ch-1-1:s03-ed-ch-1-1-p-9,http://rs4.ethz.ch/dts/document/?resource=https%3A%2F%2Fexample.org%2Fdts%2Fcollections%2Fhwgw%2Fs03%2Fed&ref=s03-ed-ch-1%3As03-ed-ch-1-1%3As03-ed-ch-1-1-p-9&tree=logical_structure
person,gnd-118538969,Geßners,logical_structure,paragraph,s03-ed-ch-1:s03-ed-ch-1-1:s03-ed-ch-1-1-p-10,http://rs4.ethz.ch/dts/document/?resource=https%3A%2F%2Fexample.org%2Fdts%2Fcollections%2Fhwgw%2Fs03%2Fed&ref=s03-ed-ch-1%3As03-ed-ch-1-1%3As03-ed-ch-1-1-p-10&tree=logical_structure
person,gnd-118540238,Goethes,logical_structure,paragraph,s03-ed-ch-1:s03-ed-ch-1-1:s03-ed-ch-1-1-p-11,http://rs4.ethz.ch/dts/document/?resource=https%3A%2F%2Fexample.org%2Fdts%2Fcollections%2Fhwgw%2Fs03%2Fed&ref=s03-ed-ch-1%3As03-ed-ch-1-1%3As03-ed-ch-1-1-p-11&tree=logical_structure
person,gnd-118538969,Geßner,logical_structure,paragraph,s03-ed-ch-1:s03-ed-ch-1-1:s03-ed-ch-1-1-p-11,http://rs4.ethz.ch/dts/document/?resource=https%3A%2F%2Fexample.org%2Fdts%2Fcollections%2Fhwgw%2Fs03%2Fed&ref=s03-ed-ch-1%3As03-ed-ch-1-1%3As03-ed-ch-1-1-p-11&tree=logical_structure
person,gnd-118538969,Geßners,logical_structure,paragraph,s03-ed-ch-2:s03-ed-ch-2-5:s03-ed-ch-2-5-p-4,http://rs4.ethz.ch/dts/document/?resource=https%3A%2F%2Fexample.org%2Fdts%2Fcollections%2Fhwgw%2Fs03%2Fed&ref=s03-ed-ch-2%3As03-ed-ch-2-5%3As03-ed-ch-2-5-p-4&tree=logical_structure
person,gnd-118538969,Geßner,logical_structure,paragraph,s03-ed-ch-2:s03-ed-ch-2-5:s03-ed-ch-2-5-p-4,http://rs4.ethz.ch/dts/document/?resource=https%3A%2F%2Fexample.org%2Fdts%2Fcollections%2Fhwgw%2Fs03%2Fed&ref=s03-ed-ch-2%3As03-ed-ch-2-5%3As03-ed-ch-2-5-p-4&tree=logical_structure
place,gnd-4011882-4,Deutschland,logical_structure,paragraph,s03-ed-ch-2:s03-ed-ch-2-5:s03-ed-ch-2-5-p-4,http://rs4.ethz.ch/dts/document/?resource=https%3A%2F%2Fexample.org%2Fdts%2Fcollections%2Fhwgw%2Fs03%2Fed&ref=s03-ed-ch-2%3As03-ed-ch-2-5%3As03-ed-ch-2-5-p-4&tree=logical_structure
person,gnd-118540238,Goethe,logical_structure,paragraph,s03-ed-ch-2:s03-ed-ch-2-7:s03-ed-ch-2-7-p-3,http://rs4.ethz.ch/dts/document/?resource=https%3A%2F%2Fexample.org%2Fdts%2Fcollections%2Fhwgw%2Fs03%2Fed&ref=s03-ed-ch-2%3As03-ed-ch-2-7%3As03-ed-ch-2-7-p-3&tree=logical_structure
person,gnd-118538969,Geßnerschen,logical_structure,paragraph,s03-ed-ch-2:s03-ed-ch-2-7:s03-ed-ch-2-7-p-3,http://rs4.ethz.ch/dts/document/?resource=https%3A%2F%2Fexample.org%2Fdts%2Fcollections%2Fhwgw%2Fs03%2Fed&ref=s03-ed-ch-2%3As03-ed-ch-2-7%3As03-ed-ch-2-7-p-3&tree=logical_structure
person,gnd-118634496,Wölfflin,logical_structure,paragraph,s03-ed-ch-2:s03-ed-ch-2-7:s03-ed-ch-2-7-p-3,http://rs4.ethz.ch/dts/document/?resource=https%3A%2F%2Fexample.org%2Fdts%2Fcollections%2Fhwgw%2Fs03%2Fed&ref=s03-ed-ch-2%3As03-ed-ch-2-7%3As03-ed-ch-2-7-p-3&tree=logical_structure
person,gnd-118723499,Kleist,logical_structure,paragraph,s03-ed-ch-2:s03-ed-ch-2-7:s03-ed-ch-2-7-p-4,http://rs4.ethz.ch/dts/document/?resource=https%3A%2F%2Fexample.org%2Fdts%2Fcollections%2Fhwgw%2Fs03%2Fed&ref=s03-ed-ch-2%3As03-ed-ch-2-7%3As03-ed-ch-2-7-p-4&tree=logical_structure
person,gnd-118538969,Geßner,logical_structure,paragraph,s03-ed-ch-2:s03-ed-ch-2-7:s03-ed-ch-2-7-p-4,http://rs4.ethz.ch/dts/document/?resource=https%3A%2F%2Fexample.org%2Fdts%2Fcollections%2Fhwgw%2Fs03%2Fed&ref=s03-ed-ch-2%3As03-ed-ch-2-7%3As03-ed-ch-2-7-p-4&tree=logical_structure
person,gnd-118723499,Kleist,logical_structure,paragraph,s03-ed-ch-2:s03-ed-ch-2-7:s03-ed-ch-2-7-p-4,http://rs4.ethz.ch/dts/document/?resource=https%3A%2F%2Fexample.org%2Fdts%2Fcollections%2Fhwgw%2Fs03%2Fed&ref=s03-ed-ch-2%3As03-ed-ch-2-7%3As03-ed-ch-2-7-p-4&tree=logical_structure
person,gnd-118674315,Bronner,logical_structure,paragraph,s03-ed-ch-2:s03-ed-ch-2-7:s03-ed-ch-2-7-p-5,http://rs4.ethz.ch/dts/document/?resource=https%3A%2F%2Fexample.org%2Fdts%2Fcollections%2Fhwgw%2Fs03%2Fed&ref=s03-ed-ch-2%3As03-ed-ch-2-7%3As03-ed-ch-2-7-p-5&tree=logical_structure
person,gnd-118674315,F.X. Bronner,logical_structure,paragraph,s03-ed-ch-2:s03-ed-ch-2-7:s03-ed-ch-2-7-p-5,http://rs4.ethz.ch/dts/document/?resource=https%3A%2F%2Fexample.org%2Fdts%2Fcollections%2Fhwgw%2Fs03%2Fed&ref=s03-ed-ch-2%3As03-ed-ch-2-7%3As03-ed-ch-2-7-p-5&tree=logical_structure
place,gnd-1302307541,Geßnerschen Hause,logical_structure,paragraph,s03-ed-ch-2:s03-ed-ch-2-7:s03-ed-ch-2-7-p-5,http://rs4.ethz.ch/dts/document/?resource=https%3A%2F%2Fexample.org%2Fdts%2Fcollections%2Fhwgw%2Fs03%2Fed&ref=s03-ed-ch-2%3As03-ed-ch-2-7%3As03-ed-ch-2-7-p-5&tree=logical_structure
person,gnd-118538969,Geßner,logical_structure,paragraph,s03-ed-ch-2:s03-ed-ch-2-7:s03-ed-ch-2-7-p-5,http://rs4.ethz.ch/dts/document/?resource=https%3A%2F%2Fexample.org%2Fdts%2Fcollections%2Fhwgw%2Fs03%2Fed&ref=s03-ed-ch-2%3As03-ed-ch-2-7%3As03-ed-ch-2-7-p-5&tree=logical_structure
person,gnd-118538969,Geßner,logical_structure,paragraph,s03-ed-ch-2:s03-ed-ch-2-7:s03-ed-ch-2-7-p-5,http://rs4.ethz.ch/dts/document/?resource=https%3A%2F%2Fexample.org%2Fdts%2Fcollections%2Fhwgw%2Fs03%2Fed&ref=s03-ed-ch-2%3As03-ed-ch-2-7%3As03-ed-ch-2-7-p-5&tree=logical_structure
person,gnd-118674315,Bronner,logical_structure,paragraph,s03-ed-ch-2:s03-ed-ch-2-7:s03-ed-ch-2-7-p-5,http://rs4.ethz.ch/dts/document/?resource=https%3A%2F%2Fexample.org%2Fdts%2Fcollections%2Fhwgw%2Fs03%2Fed&ref=s03-ed-ch-2%3As03-ed-ch-2-7%3As03-ed-ch-2-7-p-5&tree=logical_structure
person,gnd-118538969,Geßner,logical_structure,paragraph,s03-ed-ch-2:s03-ed-ch-2-7:s03-ed-ch-2-7-p-5,http://rs4.ethz.ch/dts/document/?resource=https%3A%2F%2Fexample.org%2Fdts%2Fcollections%2Fhwgw%2Fs03%2Fed&ref=s03-ed-ch-2%3As03-ed-ch-2-7%3As03-ed-ch-2-7-p-5&tree=logical_structure
person,gnd-119303590,Bonstetten,logical_structure,paragraph,s03-ed-ch-2:s03-ed-ch-2-7:s03-ed-ch-2-7-p-6,http://rs4.ethz.ch/dts/document/?resource=https%3A%2F%2Fexample.org%2Fdts%2Fcollections%2Fhwgw%2Fs03%2Fed&ref=s03-ed-ch-2%3As03-ed-ch-2-7%3As03-ed-ch-2-7-p-6&tree=logical_structure
person,gnd-119303590,v. Bonstetten,logical_structure,paragraph,s03-ed-ch-2:s03-ed-ch-2-7:s03-ed-ch-2-7-p-6,http://rs4.ethz.ch/dts/document/?resource=https%3A%2F%2Fexample.org%2Fdts%2Fcollections%2Fhwgw%2Fs03%2Fed&ref=s03-ed-ch-2%3As03-ed-ch-2-7%3As03-ed-ch-2-7-p-6&tree=logical_structure
person,gnd-118731890,Matthison,logical_structure,paragraph,s03-ed-ch-2:s03-ed-ch-2-7:s03-ed-ch-2-7-p-6,http://rs4.ethz.ch/dts/document/?resource=https%3A%2F%2Fexample.org%2Fdts%2Fcollections%2Fhwgw%2Fs03%2Fed&ref=s03-ed-ch-2%3As03-ed-ch-2-7%3As03-ed-ch-2-7-p-6&tree=logical_structure
person,gnd-118549553,Herder,logical_structure,paragraph,s03-ed-ch-2:s03-ed-ch-2-7:s03-ed-ch-2-7-p-7,http://rs4.ethz.ch/dts/document/?resource=https%3A%2F%2Fexample.org%2Fdts%2Fcollections%2Fhwgw%2Fs03%2Fed&ref=s03-ed-ch-2%3As03-ed-ch-2-7%3As03-ed-ch-2-7-p-7&tree=logical_structure
person,gnd-116481021,Breitenbauch,logical_structure,paragraph,s03-ed-ch-2:s03-ed-ch-2-7:s03-ed-ch-2-7-p-7,http://rs4.ethz.ch/dts/document/?resource=https%3A%2F%2Fexample.org%2Fdts%2Fcollections%2Fhwgw%2Fs03%2Fed&ref=s03-ed-ch-2%3As03-ed-ch-2-7%3As03-ed-ch-2-7-p-7&tree=logical_structure
person,gnd-103080392,Hofer,logical_structure,paragraph,s03-ed-ch-2:s03-ed-ch-2-7:s03-ed-ch-2-7-p-7,http://rs4.ethz.ch/dts/document/?resource=https%3A%2F%2Fexample.org%2Fdts%2Fcollections%2Fhwgw%2Fs03%2Fed&ref=s03-ed-ch-2%3As03-ed-ch-2-7%3As03-ed-ch-2-7-p-7&tree=logical_structure
person,gnd-116207469,Blum,logical_structure,paragraph,s03-ed-ch-2:s03-ed-ch-2-7:s03-ed-ch-2-7-p-7,http://rs4.ethz.ch/dts/document/?resource=https%3A%2F%2Fexample.org%2Fdts%2Fcollections%2Fhwgw%2Fs03%2Fed&ref=s03-ed-ch-2%3As03-ed-ch-2-7%3As03-ed-ch-2-7-p-7&tree=logical_structure
person,gnd-135967635,Reckert,logical_structure,paragraph,s03-ed-ch-2:s03-ed-ch-2-7:s03-ed-ch-2-7-p-7,http://rs4.ethz.ch/dts/document/?resource=https%3A%2F%2Fexample.org%2Fdts%2Fcollections%2Fhwgw%2Fs03%2Fed&ref=s03-ed-ch-2%3As03-ed-ch-2-7%3As03-ed-ch-2-7-p-7&tree=logical_structure
person,gnd-116481021,Georg August von Breitenbauch,logical_structure,paragraph,s03-ed-ch-2:s03-ed-ch-2-7:s03-ed-ch-2-7-p-7,http://rs4.ethz.ch/dts/document/?resource=https%3A%2F%2Fexample.org%2Fdts%2Fcollections%2Fhwgw%2Fs03%2Fed&ref=s03-ed-ch-2%3As03-ed-ch-2-7%3As03-ed-ch-2-7-p-7&tree=logical_structure
person,gnd-103080392,Carl Heinrich Höffer,logical_structure,paragraph,s03-ed-ch-2:s03-ed-ch-2-7:s03-ed-ch-2-7-p-7,http://rs4.ethz.ch/dts/document/?resource=https%3A%2F%2Fexample.org%2Fdts%2Fcollections%2Fhwgw%2Fs03%2Fed&ref=s03-ed-ch-2%3As03-ed-ch-2-7%3As03-ed-ch-2-7-p-7&tree=logical_structure
person,gnd-116207469,Joachim Christian Blum,logical_structure,paragraph,s03-ed-ch-2:s03-ed-ch-2-7:s03-ed-ch-2-7-p-7,http://rs4.ethz.ch/dts/document/?resource=https%3A%2F%2Fexample.org%2Fdts%2Fcollections%2Fhwgw%2Fs03%2Fed&ref=s03-ed-ch-2%3As03-ed-ch-2-7%3As03-ed-ch-2-7-p-7&tree=logical_structure
person,gnd-135967635,Karl Christian Reckert,logical_structure,paragraph,s03-ed-ch-2:s03-ed-ch-2-7:s03-ed-ch-2-7-p-7,http://rs4.ethz.ch/dts/document/?resource=https%3A%2F%2Fexample.org%2Fdts%2Fcollections%2Fhwgw%2Fs03%2Fed&ref=s03-ed-ch-2%3As03-ed-ch-2-7%3As03-ed-ch-2-7-p-7&tree=logical_structure
person,gnd-10026705X,C.F. Klamor Schmidts,logical_structure,paragraph,s03-ed-ch-2:s03-ed-ch-2-7:s03-ed-ch-2-7-p-7,http://rs4.ethz.ch/dts/document/?resource=https%3A%2F%2Fexample.org%2Fdts%2Fcollections%2Fhwgw%2Fs03%2Fed&ref=s03-ed-ch-2%3As03-ed-ch-2-7%3As03-ed-ch-2-7-p-7&tree=logical_structure
person,gnd-118538969,Geßners,logical_structure,paragraph,s03-ed-ch-2:s03-ed-ch-2-7:s03-ed-ch-2-7-p-8,http://rs4.ethz.ch/dts/document/?resource=https%3A%2F%2Fexample.org%2Fdts%2Fcollections%2Fhwgw%2Fs03%2Fed&ref=s03-ed-ch-2%3As03-ed-ch-2-7%3As03-ed-ch-2-7-p-8&tree=logical_structure
person,gnd-118627910,Voß,logical_structure,paragraph,s03-ed-ch-2:s03-ed-ch-2-7:s03-ed-ch-2-7-p-8,http://rs4.ethz.ch/dts/document/?resource=https%3A%2F%2Fexample.org%2Fdts%2Fcollections%2Fhwgw%2Fs03%2Fed&ref=s03-ed-ch-2%3As03-ed-ch-2-7%3As03-ed-ch-2-7-p-8&tree=logical_structure
person,gnd-118538969,Geßner,logical_structure,paragraph,s03-ed-ch-2:s03-ed-ch-2-7:s03-ed-ch-2-7-p-8,http://rs4.ethz.ch/dts/document/?resource=https%3A%2F%2Fexample.org%2Fdts%2Fcollections%2Fhwgw%2Fs03%2Fed&ref=s03-ed-ch-2%3As03-ed-ch-2-7%3As03-ed-ch-2-7-p-8&tree=logical_structure
person,gnd-118634496,Wölfflin,logical_structure,paragraph,s03-ed-ch-2:s03-ed-ch-2-7:s03-ed-ch-2-7-p-8,http://rs4.ethz.ch/dts/document/?resource=https%3A%2F%2Fexample.org%2Fdts%2Fcollections%2Fhwgw%2Fs03%2Fed&ref=s03-ed-ch-2%3As03-ed-ch-2-7%3As03-ed-ch-2-7-p-8&tree=logical_structure
person,gnd-118584871,Maler Müller,logical_structure,paragraph,s03-ed-ch-2:s03-ed-ch-2-7:s03-ed-ch-2-7-p-8,http://rs4.ethz.ch/dts/document/?resource=https%3A%2F%2Fexample.org%2Fdts%2Fcollections%2Fhwgw%2Fs03%2Fed&ref=s03-ed-ch-2%3As03-ed-ch-2-7%3As03-ed-ch-2-7-p-8&tree=logical_structure
person,gnd-118627910,Voß,logical_structure,paragraph,s03-ed-ch-2:s03-ed-ch-2-7:s03-ed-ch-2-7-p-8,http://rs4.ethz.ch/dts/document/?resource=https%3A%2F%2Fexample.org%2Fdts%2Fcollections%2Fhwgw%2Fs03%2Fed&ref=s03-ed-ch-2%3As03-ed-ch-2-7%3As03-ed-ch-2-7-p-8&tree=logical_structure
organisation,gnd-2031351-2,BSB M,logical_structure,paragraph,s03-ed-ch-2:s03-ed-ch-2-7:s03-ed-ch-2-7-p-8,http://rs4.ethz.ch/dts/document/?resource=https%3A%2F%2Fexample.org%2Fdts%2Fcollections%2Fhwgw%2Fs03%2Fed&ref=s03-ed-ch-2%3As03-ed-ch-2-7%3As03-ed-ch-2-7-p-8&tree=logical_structure
person,gnd-118549553,Herder,logical_structure,paragraph,s03-ed-ch-2:s03-ed-ch-2-7:s03-ed-ch-2-7-p-9,http://rs4.ethz.ch/dts/document/?resource=https%3A%2F%2Fexample.org%2Fdts%2Fcollections%2Fhwgw%2Fs03%2Fed&ref=s03-ed-ch-2%3As03-ed-ch-2-7%3As03-ed-ch-2-7-p-9&tree=logical_structure
person,gnd-118538969,Geßner,logical_structure,paragraph,s03-ed-ch-2:s03-ed-ch-2-7:s03-ed-ch-2-7-p-9,http://rs4.ethz.ch/dts/document/?resource=https%3A%2F%2Fexample.org%2Fdts%2Fcollections%2Fhwgw%2Fs03%2Fed&ref=s03-ed-ch-2%3As03-ed-ch-2-7%3As03-ed-ch-2-7-p-9&tree=logical_structure
person,gnd-118621769,Theokrit,logical_structure,paragraph,s03-ed-ch-2:s03-ed-ch-2-7:s03-ed-ch-2-7-p-9,http://rs4.ethz.ch/dts/document/?resource=https%3A%2F%2Fexample.org%2Fdts%2Fcollections%2Fhwgw%2Fs03%2Fed&ref=s03-ed-ch-2%3As03-ed-ch-2-7%3As03-ed-ch-2-7-p-9&tree=logical_structure
person,gnd-118607626,Schiller,logical_structure,paragraph,s03-ed-ch-2:s03-ed-ch-2-7:s03-ed-ch-2-7-p-9,http://rs4.ethz.ch/dts/document/?resource=https%3A%2F%2Fexample.org%2Fdts%2Fcollections%2Fhwgw%2Fs03%2Fed&ref=s03-ed-ch-2%3As03-ed-ch-2-7%3As03-ed-ch-2-7-p-9&tree=logical_structure
person,gnd-118621769,Theokrit,logical_structure,paragraph,s03-ed-ch-2:s03-ed-ch-2-7:s03-ed-ch-2-7-p-9,http://rs4.ethz.ch/dts/document/?resource=https%3A%2F%2Fexample.org%2Fdts%2Fcollections%2Fhwgw%2Fs03%2Fed&ref=s03-ed-ch-2%3As03-ed-ch-2-7%3As03-ed-ch-2-7-p-9&tree=logical_structure
person,gnd-118627910,Voß,logical_structure,paragraph,s03-ed-ch-2:s03-ed-ch-2-7:s03-ed-ch-2-7-p-9,http://rs4.ethz.ch/dts/document/?resource=https%3A%2F%2Fexample.org%2Fdts%2Fcollections%2Fhwgw%2Fs03%2Fed&ref=s03-ed-ch-2%3As03-ed-ch-2-7%3As03-ed-ch-2-7-p-9&tree=logical_structure
person,gnd-118538969,Geßners,logical_structure,paragraph,s03-ed-ch-2:s03-ed-ch-2-7:s03-ed-ch-2-7-p-9,http://rs4.ethz.ch/dts/document/?resource=https%3A%2F%2Fexample.org%2Fdts%2Fcollections%2Fhwgw%2Fs03%2Fed&ref=s03-ed-ch-2%3As03-ed-ch-2-7%3As03-ed-ch-2-7-p-9&tree=logical_structure
person,gnd-118538969,Geßnerscher,logical_structure,paragraph,s03-ed-ch-2:s03-ed-ch-2-7:s03-ed-ch-2-7-p-9,http://rs4.ethz.ch/dts/document/?resource=https%3A%2F%2Fexample.org%2Fdts%2Fcollections%2Fhwgw%2Fs03%2Fed&ref=s03-ed-ch-2%3As03-ed-ch-2-7%3As03-ed-ch-2-7-p-9&tree=logical_structure
person,gnd-118607626,Schiller,logical_structure,paragraph,s03-ed-ch-2:s03-ed-ch-2-7:s03-ed-ch-2-7-p-9,http://rs4.ethz.ch/dts/document/?resource=https%3A%2F%2Fexample.org%2Fdts%2Fcollections%2Fhwgw%2Fs03%2Fed&ref=s03-ed-ch-2%3As03-ed-ch-2-7%3As03-ed-ch-2-7-p-9&tree=logical_structure
person,gnd-118538969,Geßnerschen,logical_structure,paragraph,s03-ed-ch-2:s03-ed-ch-2-7:s03-ed-ch-2-7-p-10,http://rs4.ethz.ch/dts/document/?resource=https%3A%2F%2Fexample.org%2Fdts%2Fcollections%2Fhwgw%2Fs03%2Fed&ref=s03-ed-ch-2%3As03-ed-ch-2-7%3As03-ed-ch-2-7-p-10&tree=logical_structure
person,gnd-118607960,Schlegels,logical_structure,paragraph,s03-ed-ch-2:s03-ed-ch-2-7:s03-ed-ch-2-7-p-10,http://rs4.ethz.ch/dts/document/?resource=https%3A%2F%2Fexample.org%2Fdts%2Fcollections%2Fhwgw%2Fs03%2Fed&ref=s03-ed-ch-2%3As03-ed-ch-2-7%3As03-ed-ch-2-7-p-10&tree=logical_structure
person,gnd-1205166688,J.P. Richters,logical_structure,paragraph,s03-ed-ch-2:s03-ed-ch-2-7:s03-ed-ch-2-7-p-10,http://rs4.ethz.ch/dts/document/?resource=https%3A%2F%2Fexample.org%2Fdts%2Fcollections%2Fhwgw%2Fs03%2Fed&ref=s03-ed-ch-2%3As03-ed-ch-2-7%3As03-ed-ch-2-7-p-10&tree=logical_structure
person,gnd-1205166688,Jean Paul,logical_structure,paragraph,s03-ed-ch-2:s03-ed-ch-2-7:s03-ed-ch-2-7-p-10,http://rs4.ethz.ch/dts/document/?resource=https%3A%2F%2Fexample.org%2Fdts%2Fcollections%2Fhwgw%2Fs03%2Fed&ref=s03-ed-ch-2%3As03-ed-ch-2-7%3As03-ed-ch-2-7-p-10&tree=logical_structure
person,gnd-1205166688,Jean Paul,logical_structure,paragraph,s03-ed-ch-2:s03-ed-ch-2-7:s03-ed-ch-2-7-p-10,http://rs4.ethz.ch/dts/document/?resource=https%3A%2F%2Fexample.org%2Fdts%2Fcollections%2Fhwgw%2Fs03%2Fed&ref=s03-ed-ch-2%3As03-ed-ch-2-7%3As03-ed-ch-2-7-p-10&tree=logical_structure
person,gnd-118634496,Wölfflin,logical_structure,paragraph,s03-ed-ch-2:s03-ed-ch-2-7:s03-ed-ch-2-7-p-10,http://rs4.ethz.ch/dts/document/?resource=https%3A%2F%2Fexample.org%2Fdts%2Fcollections%2Fhwgw%2Fs03%2Fed&ref=s03-ed-ch-2%3As03-ed-ch-2-7%3As03-ed-ch-2-7-p-10&tree=logical_structure
person,gnd-118607626,Schiller,logical_structure,paragraph,s03-ed-ch-2:s03-ed-ch-2-7:s03-ed-ch-2-7-p-11,http://rs4.ethz.ch/dts/document/?resource=https%3A%2F%2Fexample.org%2Fdts%2Fcollections%2Fhwgw%2Fs03%2Fed&ref=s03-ed-ch-2%3As03-ed-ch-2-7%3As03-ed-ch-2-7-p-11&tree=logical_structure
person,gnd-118554727,W.v. Humboldt,logical_structure,paragraph,s03-ed-ch-2:s03-ed-ch-2-7:s03-ed-ch-2-7-p-11,http://rs4.ethz.ch/dts/document/?resource=https%3A%2F%2Fexample.org%2Fdts%2Fcollections%2Fhwgw%2Fs03%2Fed&ref=s03-ed-ch-2%3As03-ed-ch-2-7%3As03-ed-ch-2-7-p-11&tree=logical_structure
person,gnd-118607626,Schiller,logical_structure,paragraph,s03-ed-ch-2:s03-ed-ch-2-7:s03-ed-ch-2-7-p-11,http://rs4.ethz.ch/dts/document/?resource=https%3A%2F%2Fexample.org%2Fdts%2Fcollections%2Fhwgw%2Fs03%2Fed&ref=s03-ed-ch-2%3As03-ed-ch-2-7%3As03-ed-ch-2-7-p-11&tree=logical_structure
person,gnd-118754971,Charlotte von Lengefeld,logical_structure,paragraph,s03-ed-ch-2:s03-ed-ch-2-7:s03-ed-ch-2-7-p-11,http://rs4.ethz.ch/dts/document/?resource=https%3A%2F%2Fexample.org%2Fdts%2Fcollections%2Fhwgw%2Fs03%2Fed&ref=s03-ed-ch-2%3As03-ed-ch-2-7%3As03-ed-ch-2-7-p-11&tree=logical_structure
place,gnd-4028557-1,Jena,logical_structure,paragraph,s03-ed-ch-2:s03-ed-ch-2-7:s03-ed-ch-2-7-p-11,http://rs4.ethz.ch/dts/document/?resource=https%3A%2F%2Fexample.org%2Fdts%2Fcollections%2Fhwgw%2Fs03%2Fed&ref=s03-ed-ch-2%3As03-ed-ch-2-7%3As03-ed-ch-2-7-p-11&tree=logical_structure
organisation,gnd-2031351-2,BSB M,logical_structure,paragraph,s03-ed-ch-2:s03-ed-ch-2-7:s03-ed-ch-2-7-p-11,http://rs4.ethz.ch/dts/document/?resource=https%3A%2F%2Fexample.org%2Fdts%2Fcollections%2Fhwgw%2Fs03%2Fed&ref=s03-ed-ch-2%3As03-ed-ch-2-7%3As03-ed-ch-2-7-p-11&tree=logical_structure
person,gnd-118538969,Geßner,logical_structure,paragraph,s03-ed-ch-2:s03-ed-ch-2-7:s03-ed-ch-2-7-p-12,http://rs4.ethz.ch/dts/document/?resource=https%3A%2F%2Fexample.org%2Fdts%2Fcollections%2Fhwgw%2Fs03%2Fed&ref=s03-ed-ch-2%3As03-ed-ch-2-7%3As03-ed-ch-2-7-p-12&tree=logical_structure
